{
  "test_info": {
    "total_transactions": 25166,
    "fraud_cases": 97,
    "legitimate_cases": 25069,
    "failed_requests": 0,
    "timestamp": "2026-02-13 18:48:31"
  },
  "latency_stats": {
    "mean_ms": 0.7429822093966958,
    "median_ms": 0.6871223449707031,
    "std_ms": 0.5692288857482656,
    "min_ms": 0.5707740783691406,
    "max_ms": 50.019264221191406,
    "p50_ms": 0.6871223449707031,
    "p95_ms": 0.8726716041564941,
    "p99_ms": 1.675462722778319,
    "throughput_per_sec": 1345.927247453211
  },
  "model_comparison": {
    "mean_difference": 0.19074262637666067,
    "max_difference": 0.9931876770502572,
    "predictions_match": false
  },
  "metrics": {
    "0.5": {
      "precision": 0.01731833601142653,
      "recall": 1.0,
      "f1": 0.03404703404703404,
      "approval_rate": 0.7774378129221966
    },
    "0.665": {
      "precision": 0.01731833601142653,
      "recall": 1.0,
      "f1": 0.03404703404703404,
      "approval_rate": 0.7774378129221966
    },
    "0.8": {
      "precision": 0.01731833601142653,
      "recall": 1.0,
      "f1": 0.03404703404703404,
      "approval_rate": 0.7774378129221966
    },
    "0.9": {
      "precision": 0.017151110308719984,
      "recall": 0.979381443298969,
      "f1": 0.033711852377572744,
      "approval_rate": 0.7799014543431614
    },
    "0.95": {
      "precision": 0.016642547033285094,
      "recall": 0.9484536082474226,
      "f1": 0.032711111111111114,
      "approval_rate": 0.7803385520146229
    },
    "0.99": {
      "precision": 0.03212074303405573,
      "recall": 0.8556701030927835,
      "f1": 0.06191719507646401,
      "approval_rate": 0.8973217833584995
    }
  }
}